"Time (s)","Acceleration x (m/s^2)","Acceleration y (m/s^2)","Acceleration z (m/s^2)","Absolute acceleration (m/s^2)"
2.698297600E-2,5.295000225E-2,9.736950874E0,1.740000099E-1,9.738649395E0
2.949343800E-2,3.405000269E-2,9.739050865E0,1.740000099E-1,9.740664616E0
3.200389900E-2,6.000000238E-2,9.756000519E0,1.710000038E-1,9.757683492E0
3.451689900E-2,3.600000218E-2,9.715050697E0,1.710000038E-1,9.716622204E0
3.702460800E-2,5.505000427E-2,9.700950623E0,2.119500041E-1,9.703421886E0
3.953506700E-2,5.805000290E-2,9.705000877E0,2.359500080E-1,9.708042245E0
4.204552900E-2,4.095000029E-2,9.708000183E0,2.530499995E-1,9.711383978E0
4.455876000E-2,7.005000114E-2,9.682050705E0,2.700000107E-1,9.686067977E0
4.706644900E-2,5.295000225E-2,9.655050278E0,2.809500098E-1,9.659282193E0
4.957683200E-2,4.095000029E-2,9.646050453E0,2.620500028E-1,9.649696184E0
5.208729300E-2,3.600000218E-2,9.676950455E0,2.220000178E-1,9.679563529E0
5.460052400E-2,6.705000252E-2,9.631050110E0,1.879500151E-1,9.633117207E0
5.710821800E-2,7.395000011E-2,9.591000557E0,1.429500133E-1,9.592350858E0
5.961867300E-2,7.005000114E-2,9.643050194E0,1.090500057E-1,9.643921191E0
6.212890300E-2,1.009500027E-1,9.648000717E0,6.795000285E-2,9.648768105E0
6.464236500E-2,1.009500027E-1,9.636000633E0,3.705000132E-2,9.636600636E0
6.714982900E-2,1.030500084E-1,9.612000465E0,2.505000122E-2,9.612585487E0
6.966030300E-2,1.369500011E-1,9.616950035E0,7.605000585E-2,9.618225766E0
7.217076500E-2,1.219500080E-1,9.604950905E0,1.429500133E-1,9.606788662E0
7.468399500E-2,1.129500046E-1,9.615000725E0,1.669500023E-1,9.617113337E0
7.719169000E-2,1.030500084E-1,9.598050117E0,2.050500065E-1,9.600793242E0
7.970215300E-2,1.099500060E-1,9.622050285E0,2.020500153E-1,9.624799474E0
8.221261500E-2,8.595000207E-2,9.612000465E0,2.500500083E-1,9.615636503E0
8.472576900E-2,3.795000166E-2,9.615000725E0,2.239500135E-1,9.617683336E0
8.723346300E-2,6.195000187E-2,9.628950119E0,2.500500083E-1,9.632395507E0
8.974391400E-2,1.099500060E-1,9.619050026E0,2.620500028E-1,9.623246989E0
9.225437500E-2,9.795000404E-2,9.660000801E0,2.530499995E-1,9.663811049E0
9.476760600E-2,9.600000083E-2,9.708000183E0,2.410500050E-1,9.711466864E0
9.727530000E-2,1.249500066E-1,9.700950623E0,2.650500238E-1,9.705375160E0
9.978552900E-2,9.600000083E-2,9.676950455E0,2.719500065E-1,9.681246971E0
1.022959900E-1,1.129500046E-1,9.691050529E0,2.530499995E-1,9.695011726E0
1.048092210E-1,1.459500045E-1,9.705000877E0,1.810500026E-1,9.707786696E0
1.073169160E-1,1.390500069E-1,9.684000015E0,1.380000114E-1,9.685981375E0
1.098272980E-1,1.459500045E-1,9.648000717E0,1.429500133E-1,9.650163416E0
1.123377600E-1,1.249500066E-1,9.667050362E0,1.399500072E-1,9.668870730E0
1.148509910E-1,7.200000435E-2,9.670050621E0,1.930500120E-1,9.672245413E0
1.173587620E-1,4.995000362E-2,9.694050789E0,2.430000156E-1,9.697224588E0
1.198691300E-1,7.905000448E-2,9.724950790E0,2.790000141E-1,9.729273240E0
1.223795920E-1,7.395000011E-2,9.721950531E0,2.670000196E-1,9.725897375E0
1.248928230E-1,4.995000362E-2,9.720000267E0,2.929500043E-1,9.724542143E0
1.274002860E-1,4.995000362E-2,9.715050697E0,2.460000068E-1,9.718293114E0
1.299109770E-1,4.095000029E-2,9.684000015E0,2.070000172E-1,9.686298684E0
1.324212070E-1,1.009500027E-1,9.694050789E0,1.620000005E-1,9.695929847E0
1.349344380E-1,9.300000221E-2,9.703050613E0,1.039500013E-1,9.704053061E0
1.374421320E-1,8.205000311E-2,9.696000099E0,1.110000089E-1,9.696982579E0
1.399525920E-1,6.495000422E-2,9.661950111E0,1.069500074E-1,9.662760308E0
1.424630540E-1,7.695000619E-2,9.660000801E0,1.020000055E-1,9.660845759E0
1.449762840E-1,8.400000632E-2,9.652950287E0,1.039500013E-1,9.653875431E0
1.474839020E-1,5.505000427E-2,9.655050278E0,1.159500033E-1,9.655903416E0
1.499943650E-1,3.600000218E-2,9.655050278E0,1.759500057E-1,9.656720472E0
1.525048270E-1,3.405000269E-2,9.664950371E0,1.980000138E-1,9.667038278E0
1.550180580E-1,6.495000422E-2,9.658050537E0,1.999500096E-1,9.660338435E0
1.575257520E-1,4.305000231E-2,9.673950195E0,1.810500026E-1,9.675740012E0
1.600362110E-1,2.400000021E-2,9.655050278E0,2.020500153E-1,9.657194006E0
1.625464420E-1,7.005000114E-2,9.691050529E0,1.669500023E-1,9.692741597E0
1.650596730E-1,5.295000225E-2,9.676950455E0,1.549500078E-1,9.678335772E0
1.675673670E-1,-7.950000465E-3,9.712950706E0,1.639500111E-1,9.714337560E0
1.700778270E-1,4.950000439E-3,9.760950089E0,1.590000093E-1,9.762246265E0
1.725882880E-1,-1.050000079E-3,9.784950256E0,1.570500135E-1,9.786210570E0
1.751015190E-1,-4.050000105E-3,9.796050072E0,1.500000060E-1,9.797199264E0
1.776092130E-1,4.095000029E-2,9.820050240E0,1.759500057E-1,9.821711766E0
1.801196110E-1,3.795000166E-2,9.832050323E0,2.119500041E-1,9.834407790E0
1.826301500E-1,5.295000225E-2,9.837000847E0,2.260500044E-1,9.839740239E0
1.851433030E-1,1.005000062E-2,9.859050751E0,2.430000156E-1,9.862050077E0
1.876509980E-1,-1.050000079E-3,9.853950500E0,2.890500128E-1,9.858189057E0
1.901614420E-1,-4.395000264E-2,9.895050049E0,2.500500083E-1,9.898306526E0
1.926719040E-1,-1.305000018E-2,9.957000732E0,1.860000044E-1,9.958746402E0
1.951851350E-1,2.205000073E-2,9.970950127E0,2.550000250E-1,9.974234690E0
1.976928290E-1,-6.000000052E-3,9.993000031E0,2.929500043E-1,9.997294900E0
2.002030580E-1,-1.800000109E-2,9.931050301E0,2.790000141E-1,9.934984906E0
2.027135190E-1,-4.050000105E-3,9.883050919E0,2.220000178E-1,9.885544794E0
2.052267500E-1,1.695000008E-2,9.873000145E0,1.500000060E-1,9.874154099E0
2.077344440E-1,3.105000220E-2,9.820050240E0,1.069500074E-1,9.820681703E0
2.102448950E-1,-4.050000105E-3,9.849000931E0,8.295000345E-2,9.849351067E0
2.127552790E-1,-2.505000122E-2,9.837000847E0,1.020000055E-1,9.837561546E0
2.152685100E-1,-7.095000148E-2,9.856050491E0,1.519500017E-1,9.857477060E0
2.177762050E-1,-1.500000060E-1,9.849000931E0,2.070000172E-1,9.852317917E0
2.202866540E-1,-1.690500081E-1,9.864000320E0,2.190000117E-1,9.867879267E0
2.227971160E-1,-1.710000038E-1,9.828000069E0,2.359500080E-1,9.832319094E0
2.253103460E-1,-1.620000005E-1,9.805950165E0,2.890500128E-1,9.811546899E0
2.278178100E-1,-9.900000691E-2,9.789000511E0,3.030000031E-1,9.794189145E0
2.303282690E-1,-1.020000055E-1,9.768000603E0,2.310000062E-1,9.771264032E0
2.328387310E-1,-6.599999964E-2,9.757950783E0,2.119500041E-1,9.760475515E0
2.353519620E-1,-1.605000161E-2,9.777000427E0,1.450500041E-1,9.778089510E0
2.378596560E-1,-4.200000316E-2,9.757950783E0,1.159500033E-1,9.758730034E0
2.403701160E-1,-7.095000148E-2,9.703050613E0,6.105000153E-2,9.703502059E0
2.428805770E-1,-1.090500057E-1,9.673950195E0,5.400000140E-2,9.674715514E0
2.453937310E-1,-1.189500093E-1,9.682050705E0,7.304999977E-2,9.683056917E0
2.479015020E-1,-9.900000691E-2,9.664950371E0,8.505000174E-2,9.665831582E0
2.504118850E-1,-7.995000482E-2,9.622050285E0,1.110000089E-1,9.623022638E0
2.529224230E-1,-5.595000088E-2,9.555000305E0,7.095000148E-2,9.555427522E0
2.554355770E-1,-2.805000171E-2,9.543000221E0,0.000000000E0,9.543041445E0
2.579432720E-1,-1.800000109E-2,9.610050201E0,-5.805000290E-2,9.610242384E0
2.604537410E-1,-6.000000052E-3,9.646050453E0,-2.205000073E-2,9.646077521E0
2.629642030E-1,-1.800000109E-2,9.643050194E0,-4.605000094E-2,9.643176948E0
2.654772030E-1,3.000000026E-3,9.616950035E0,3.000000119E-2,9.616997295E0
2.679848970E-1,-1.800000109E-2,9.595050812E0,4.905000329E-2,9.595193066E0
2.704953710E-1,-1.050000079E-3,9.574050903E0,6.599999964E-2,9.574278448E0
2.730058320E-1,0.000000000E0,9.600000381E0,9.495000541E-2,9.600469927E0
2.755190630E-1,-1.605000161E-2,9.595050812E0,1.519500017E-1,9.596267320E0
2.780266800E-1,3.405000269E-2,9.628950119E0,1.020000055E-1,9.629550550E0
2.805371350E-1,8.205000311E-2,9.705000877E0,1.210500076E-1,9.706102582E0
2.830475960E-1,6.000000238E-2,9.763050079E0,1.429500133E-1,9.764280903E0
2.855608270E-1,6.705000252E-2,9.793950081E0,1.350000054E-1,9.795109948E0
2.880685210E-1,6.195000187E-2,9.823050499E0,5.595000088E-2,9.823405179E0
2.905789720E-1,6.705000252E-2,9.853950500E0,6.599999964E-2,9.854399635E0
2.930894330E-1,4.605000094E-2,9.871050835E0,1.350000054E-1,9.872081350E0
2.956026640E-1,8.895000070E-2,9.892050743E0,2.140500098E-1,9.894766163E0
2.981101280E-1,1.440000087E-1,9.943050385E0,3.439500034E-1,9.950039626E0
3.006205870E-1,1.129500046E-1,9.949950218E0,4.900500178E-1,9.962651056E0
3.031310530E-1,1.050000042E-1,9.901950836E0,5.160000324E-1,9.915942285E0
3.056442840E-1,1.129500046E-1,9.910950661E0,5.400000215E-1,9.926293403E0
3.081519780E-1,1.339500099E-1,9.916050911E0,4.660500288E-1,9.927900629E0
3.106624380E-1,1.249500066E-1,9.865950584E0,3.990000188E-1,9.874806046E0
3.131728950E-1,8.895000070E-2,9.877950668E0,3.460500240E-1,9.884410560E0
3.156860490E-1,3.600000218E-2,9.889950752E0,3.100500107E-1,9.894875082E0
3.181937430E-1,3.600000218E-2,9.868050575E0,2.959500253E-1,9.872553093E0
3.207042030E-1,3.105000220E-2,9.820050240E0,1.860000044E-1,9.821860659E0
3.232146640E-1,8.895000070E-2,9.787050247E0,1.350000054E-1,9.788385446E0
3.257279140E-1,1.650000066E-1,9.751049995E0,1.260000020E-1,9.753259815E0
3.282356080E-1,1.680000126E-1,9.727050781E0,1.069500074E-1,9.729089331E0
3.307458370E-1,1.369500011E-1,9.703050613E0,1.350000054E-1,9.704956028E0
3.332562990E-1,1.369500011E-1,9.676950455E0,1.140000075E-1,9.678590879E0
3.357695390E-1,1.630500108E-1,9.684000015E0,9.705000371E-2,9.685858780E0
3.382772330E-1,1.170000061E-1,9.712950706E0,3.495000303E-2,9.713718234E0
3.407876920E-1,1.030500084E-1,9.646050453E0,1.095000096E-2,9.646607101E0
3.432980770E-1,9.105000645E-2,9.664950371E0,-3.600000218E-2,9.665446279E0
3.458113710E-1,4.800000042E-2,9.667050362E0,-4.095000029E-2,9.667256260E0
3.483189880E-1,1.200000010E-2,9.648000717E0,0.000000000E0,9.648008180E0
3.508294480E-1,6.495000422E-2,9.684000015E0,6.795000285E-2,9.684456206E0
3.533399090E-1,1.050000042E-1,9.643050194E0,2.505000122E-2,9.643654367E0
3.558531400E-1,1.440000087E-1,9.640950203E0,-1.005000062E-2,9.642030793E0
3.583608340E-1,1.870500147E-1,9.649950027E0,-3.600000218E-2,9.651829839E0
3.608712940E-1,2.280000150E-1,9.664950371E0,-6.900000572E-2,9.667885533E0
3.633815250E-1,2.080500126E-1,9.700950623E0,-3.105000220E-2,9.703231003E0
3.658947550E-1,1.800000072E-1,9.727050781E0,-1.395000052E-2,9.728726099E0
3.684024350E-1,1.099500060E-1,9.765000343E0,9.000000358E-2,9.766034032E0
3.709128940E-1,6.195000187E-2,9.793950081E0,2.119500041E-1,9.796439087E0
3.734233560E-1,-1.605000161E-2,9.813000679E0,3.150000274E-1,9.818068290E0
3.759365870E-1,-5.595000088E-2,9.829950333E0,3.990000188E-1,9.838203848E0
3.784442860E-1,-4.050000105E-3,9.799050331E0,4.230000079E-1,9.808176834E0
3.809546680E-1,7.695000619E-2,9.799050331E0,4.510500133E-1,9.809727560E0
3.834651300E-1,1.870500147E-1,9.808050156E0,3.940500319E-1,9.817744700E0
3.859783610E-1,3.109500110E-1,9.825000763E0,3.289500177E-1,9.835422615E0
3.884860700E-1,3.420000076E-1,9.877950668E0,3.559500277E-1,9.890276732E0
3.909965300E-1,2.010000050E-1,9.898950577E0,3.919500113E-1,9.908746053E0
3.935069910E-1,7.695000619E-2,9.913950920E0,3.720000088E-1,9.921226142E0
3.960199910E-1,4.950000439E-3,9.885000229E0,3.130500019E-1,9.889957246E0
3.985276950E-1,-6.405000389E-2,9.849000931E0,3.150000274E-1,9.854245113E0
4.010381540E-1,-7.950000465E-3,9.793950081E0,2.260500044E-1,9.796561641E0
4.035486160E-1,1.080000028E-1,9.756000519E0,1.399500072E-1,9.757601966E0
4.060618460E-1,1.840500087E-1,9.708000183E0,6.105000153E-2,9.709936615E0
4.085695410E-1,2.419500053E-1,9.694050789E0,-1.005000062E-2,9.697074894E0
4.110800000E-1,2.539499998E-1,9.631050110E0,-1.249500066E-1,9.635207799E0
4.135903850E-1,1.770000011E-1,9.610050201E0,-1.800000072E-1,9.613365377E0
4.161036160E-1,9.600000083E-2,9.615000725E0,-2.370000184E-1,9.618400280E0
4.186113200E-1,3.105000220E-2,9.607050896E0,-2.250000089E-1,9.609735481E0
4.211217790E-1,-5.400000140E-2,9.616950035E0,-1.870500147E-1,9.618920505E0
4.236322410E-1,-5.595000088E-2,9.615000725E0,-1.050000042E-1,9.615736807E0
4.261454720E-1,-4.005000368E-2,9.586050034E0,-1.200000048E-1,9.586884752E0
4.286531560E-1,-1.800000109E-2,9.607050896E0,-7.200000435E-2,9.607337556E0
4.311636160E-1,1.695000008E-2,9.619050026E0,-1.005000062E-2,9.619070210E0
4.336738460E-1,7.050000131E-3,9.634050369E0,3.495000303E-2,9.634116344E0
4.361870770E-1,-1.605000161E-2,9.676950455E0,1.500000060E-1,9.678126250E0
4.386947620E-1,-2.805000171E-2,9.715050697E0,2.479500175E-1,9.718254785E0
4.412052210E-1,-7.950000465E-3,9.772950172E0,3.100500107E-1,9.777870386E0
4.437156830E-1,-3.705000132E-2,9.796050072E0,4.080000222E-1,9.804612880E0
4.462288360E-1,-1.309500039E-1,9.828000069E0,4.800000191E-1,9.840586023E0
4.487365410E-1,-1.500000060E-1,9.841950417E0,5.380499959E-1,9.857788079E0
4.512470000E-1,-7.304999977E-2,9.829950333E0,4.680000246E-1,9.841355794E0
4.537574620E-1,5.505000427E-2,9.721950531E0,3.220500052E-1,9.727438966E0
4.562706930E-1,6.195000187E-2,9.631050110E0,1.039500013E-1,9.631810298E0
4.587783820E-1,-1.140000075E-1,9.622050285E0,-1.905000024E-2,9.622744442E0
4.612886110E-1,-2.340000123E-1,9.628950119E0,-7.050000131E-3,9.631795580E0
4.637990720E-1,-2.430000156E-1,9.709950447E0,4.905000329E-2,9.713114464E0
4.663123030E-1,-2.310000062E-1,9.732000351E0,2.805000171E-2,9.734781900E0
4.688199920E-1,-1.210500076E-1,9.744000435E0,3.705000132E-2,9.744822742E0
4.713304520E-1,-8.505000174E-2,9.700950623E0,8.805000782E-2,9.701723006E0
4.738409130E-1,-5.895000324E-2,9.744000435E0,1.740000099E-1,9.745732173E0
4.763541440E-1,-1.605000161E-2,9.697950363E0,1.860000044E-1,9.699747154E0
4.788618390E-1,-1.500000060E-1,9.658050537E0,8.505000174E-2,9.659589726E0
4.813722980E-1,-3.199500144E-1,9.625950813E0,7.995000482E-2,9.631598469E0
4.838826830E-1,-4.350000322E-1,9.682050705E0,-3.795000166E-2,9.691892028E0
4.863959130E-1,-4.540500343E-1,9.694050789E0,-1.030500084E-1,9.705225471E0
4.889036180E-1,-4.009500146E-1,9.721950531E0,-1.009500027E-1,9.730738612E0
4.914140770E-1,-2.929500043E-1,9.679050446E0,-1.009500027E-1,9.684008888E0
4.939245390E-1,-2.599500120E-1,9.604950905E0,-1.410000026E-1,9.609502427E0
4.964377700E-1,-2.860500216E-1,9.540000916E0,-1.770000011E-1,9.545929556E0
4.989452280E-1,-2.890500128E-1,9.507000923E0,-2.370000184E-1,9.514346298E0
5.014556880E-1,-2.670000196E-1,9.504000664E0,-2.560500205E-1,9.511197571E0
5.039661490E-1,-1.690500081E-1,9.586050034E0,-3.660000265E-1,9.594523916E0
5.064793800E-1,-3.000000119E-2,9.649950027E0,-4.360500276E-1,9.659843433E0
5.089870740E-1,1.695000008E-2,9.708000183E0,-3.499500155E-1,9.714320350E0
5.114975340E-1,-1.159500033E-1,9.793950081E0,-2.080500126E-1,9.796845788E0
5.140079190E-1,-2.620500028E-1,9.741000175E0,-2.205000073E-2,9.744549288E0
5.165211490E-1,-4.830000103E-1,9.603000641E0,7.995000482E-2,9.615472028E0
5.190288590E-1,-5.689499974E-1,9.568950653E0,7.605000585E-2,9.586151694E0
5.215393180E-1,-5.209500194E-1,9.615000725E0,4.905000329E-2,9.629228098E0
5.240497800E-1,-3.799500167E-1,9.631050110E0,-1.200000010E-2,9.638549281E0
5.265627800E-1,-2.550000250E-1,9.552000046E0,-1.530000120E-1,9.556628008E0
5.290704780E-1,-2.890500128E-1,9.487950325E0,-4.050000310E-1,9.500988175E0
5.315809380E-1,-3.750000298E-1,9.394050598E0,-6.540000439E-1,9.424252104E0
5.340913990E-1,-4.969500303E-1,9.243000031E0,-9.169500470E-1,9.301656104E0
5.366046300E-1,-7.120500207E-1,9.115950584E0,-1.141950011E0,9.214750139E0
5.391123240E-1,-5.970000029E-1,9.004050255E0,-1.338000059E0,9.122476317E0
5.416227940E-1,-2.910000086E-1,8.866950035E0,-1.446000099E0,8.988793034E0
5.441332550E-1,-1.759500057E-1,8.487000465E0,-1.495950103E0,8.619628879E0
5.466464860E-1,1.579500139E-1,7.327950478E0,-1.690050125E0,7.521972869E0
5.491541800E-1,1.453050017E0,3.291000128E0,-1.663950086E0,3.963680875E0
5.516645770E-1,1.899000049E0,1.989000082E0,-5.029500127E-1,2.795582448E0
5.541750390E-1,2.169000149E0,1.728000045E0,1.210500076E-1,2.775824005E0
5.566882690E-1,1.588050127E0,1.660950065E0,5.400000140E-2,2.298602689E0
5.591959640E-1,9.630000591E-1,1.752000093E0,-1.129500046E-1,2.002406339E0
5.617064130E-1,5.599500537E-1,1.069050074E0,-3.405000269E-2,1.207299269E0
5.642166440E-1,-4.005000368E-2,-2.130000144E-1,2.805000171E-2,2.185401829E-1
5.667298750E-1,-7.950000465E-3,-8.595000207E-2,5.895000324E-2,1.045261127E-1
5.692375690E-1,3.405000269E-2,-1.905000024E-2,-1.395000052E-2,4.143558503E-2
5.717480340E-1,-4.050000105E-3,-2.595000155E-2,6.000000052E-3,2.694076989E-2
5.742584950E-1,-1.095000096E-2,-5.295000225E-2,4.005000368E-2,6.728750296E-2
5.767717260E-1,-4.200000316E-2,-1.695000008E-2,1.305000018E-2,4.713390789E-2
5.792793430E-1,0.000000000E0,-4.995000362E-2,7.095000148E-2,8.676926629E-2
5.817897880E-1,1.200000010E-2,-7.905000448E-2,2.505000122E-2,8.378786172E-2
5.843002490E-1,1.005000062E-2,-7.395000011E-2,2.805000171E-2,7.972708213E-2
5.868134800E-1,3.000000026E-3,-6.495000422E-2,1.305000018E-2,6.631595248E-2
5.893211750E-1,1.695000008E-2,-6.195000187E-2,4.395000264E-2,7.782485442E-2
5.918314080E-1,-1.305000018E-2,-4.500000179E-2,2.805000171E-2,5.460865556E-2
5.943421010E-1,-1.605000161E-2,-2.895000204E-2,3.495000303E-2,4.813738549E-2
5.968551010E-1,1.200000010E-2,-1.005000062E-2,4.200000316E-2,4.482190068E-2
5.993630260E-1,-1.305000018E-2,-1.005000062E-2,1.605000161E-2,2.299799054E-2
6.018732680E-1,-1.050000079E-3,-4.305000231E-2,4.050000105E-3,4.325283458E-2
6.043837300E-1,1.200000010E-2,-6.195000187E-2,1.095000096E-2,6.404455679E-2
6.068969610E-1,4.950000439E-3,-4.995000362E-2,2.505000122E-2,5.609819897E-2
6.094046550E-1,7.050000131E-3,-6.495000422E-2,3.495000303E-2,7.409256550E-2
6.119151200E-1,0.000000000E0,-7.200000435E-2,0.000000000E0,7.200000435E-2
6.144255810E-1,-1.095000096E-2,-9.795000404E-2,5.895000324E-2,1.148442802E-1
6.169387350E-1,4.950000439E-3,-4.995000362E-2,4.005000368E-2,6.421454789E-2
6.194464290E-1,1.695000008E-2,-3.105000220E-2,3.495000303E-2,4.972834052E-2
6.219568940E-1,1.395000052E-2,-5.505000427E-2,2.295000106E-2,6.125200432E-2
6.244673550E-1,4.950000439E-3,-6.900000572E-2,6.105000153E-2,9.226378478E-2
6.269805860E-1,4.950000439E-3,-7.395000011E-2,4.905000329E-2,8.887636268E-2
6.294882810E-1,-1.305000018E-2,-4.995000362E-2,3.000000119E-2,5.971017868E-2
6.319985140E-1,0.000000000E0,-5.295000225E-2,1.305000018E-2,5.453444089E-2
6.345089760E-1,-6.000000052E-3,-4.995000362E-2,1.800000109E-2,5.343222718E-2
6.370222070E-1,1.905000024E-2,-8.400000632E-2,1.995000057E-2,8.841326876E-2
6.395299010E-1,-3.705000132E-2,-1.395000052E-2,4.200000316E-2,5.771746164E-2
6.420403790E-1,-7.950000465E-3,-3.105000220E-2,3.705000132E-2,4.898987387E-2
6.445507640E-1,1.200000010E-2,-7.695000619E-2,2.295000106E-2,8.119116949E-2
6.470639950E-1,4.950000439E-3,-3.105000220E-2,3.705000132E-2,4.859328903E-2
6.495716890E-1,0.000000000E0,-1.905000024E-2,7.304999977E-2,7.549307899E-2
6.520821340E-1,-1.995000057E-2,-3.299999982E-2,3.495000303E-2,5.204330142E-2
6.545925950E-1,3.000000026E-3,-6.195000187E-2,4.200000316E-2,7.490529352E-2
6.571058260E-1,2.400000021E-2,-5.295000225E-2,1.800000109E-2,6.085805442E-2
6.596135200E-1,2.205000073E-2,-5.700000376E-2,2.805000171E-2,6.724585903E-2
6.621239800E-1,-1.305000018E-2,-6.900000572E-2,-4.950000439E-3,7.039748432E-2
6.646344360E-1,1.005000062E-2,-4.995000362E-2,3.195000067E-2,6.013990287E-2
6.671474360E-1,-2.805000171E-2,-3.299999982E-2,4.395000264E-2,6.170417584E-2
6.696551310E-1,-7.950000465E-3,-4.995000362E-2,7.304999977E-2,8.885104297E-2
6.721655900E-1,-2.295000106E-2,-4.800000042E-2,1.305000018E-2,5.478143019E-2
6.746760670E-1,3.000000026E-3,-8.400000632E-2,5.595000088E-2,1.009722915E-1
6.771892980E-1,-7.950000465E-3,-6.495000422E-2,1.305000018E-2,6.672336967E-2
6.796969920E-1,1.395000052E-2,-4.305000231E-2,1.800000109E-2,4.870220993E-2
6.822074510E-1,4.950000439E-3,-4.500000179E-2,2.805000171E-2,5.325697383E-2
6.847178260E-1,-1.605000161E-2,-4.800000042E-2,4.005000368E-2,6.454150127E-2
6.872310570E-1,-1.995000057E-2,-7.905000448E-2,9.000000544E-3,8.202381204E-2
6.897387510E-1,7.050000131E-3,-6.705000252E-2,1.050000079E-3,6.742779723E-2
6.922492110E-1,0.000000000E0,-6.495000422E-2,1.605000161E-2,6.690370393E-2
6.947596620E-1,3.000000026E-3,-3.105000220E-2,2.805000171E-2,4.195122445E-2
6.972726620E-1,1.395000052E-2,-5.295000225E-2,2.505000122E-2,6.021468105E-2
6.997803570E-1,0.000000000E0,-4.800000042E-2,5.205000192E-2,7.080397404E-2
7.022908160E-1,1.395000052E-2,-4.995000362E-2,6.599999964E-2,8.393810416E-2
7.048012740E-1,-4.050000105E-3,-4.305000231E-2,3.705000132E-2,5.694214430E-2
7.073145040E-1,-1.800000109E-2,-4.095000029E-2,2.805000171E-2,5.279872308E-2
7.098221220E-1,-1.800000109E-2,-3.600000218E-2,5.595000088E-2,6.892316588E-2
7.123326580E-1,-3.705000132E-2,-5.700000376E-2,3.195000067E-2,7.511661314E-2
7.148430280E-1,4.950000439E-3,-4.305000231E-2,1.605000161E-2,4.621047235E-2
7.173563360E-1,-6.000000052E-3,-3.105000220E-2,0.000000000E0,3.162439940E-2
7.198639530E-1,0.000000000E0,-3.299999982E-2,3.705000132E-2,4.961554783E-2
7.223744130E-1,-1.305000018E-2,-3.299999982E-2,1.605000161E-2,3.894746519E-2
7.248848740E-1,-1.605000161E-2,-6.495000422E-2,3.495000303E-2,7.548250335E-2
7.273981050E-1,1.200000010E-2,-7.905000448E-2,4.005000368E-2,8.942542147E-2
7.299057990E-1,1.695000008E-2,-6.000000238E-2,1.605000161E-2,6.438093926E-2
7.324162590E-1,-1.800000109E-2,-5.295000225E-2,4.005000368E-2,6.878739399E-2
7.349264710E-1,-1.095000096E-2,-7.395000011E-2,6.599999964E-2,9.972213891E-2
7.374397010E-1,1.005000062E-2,-1.695000008E-2,4.395000264E-2,4.816542066E-2
7.399473960E-1,1.005000062E-2,-2.595000155E-2,4.395000264E-2,5.201930243E-2
7.424578550E-1,-6.000000052E-3,-6.195000187E-2,2.805000171E-2,6.826862623E-2
7.449683170E-1,1.200000010E-2,-3.105000220E-2,1.605000161E-2,3.695544873E-2
7.474815470E-1,4.950000439E-3,-2.205000073E-2,2.295000106E-2,3.220881223E-2
7.499891650E-1,3.600000218E-2,-6.495000422E-2,4.200000316E-2,8.531414578E-2
7.524996240E-1,-7.950000465E-3,-1.395000052E-2,3.195000067E-2,3.575762247E-2
7.550100720E-1,-1.305000018E-2,-1.200000010E-2,1.605000161E-2,2.391453656E-2
7.575233030E-1,-4.050000105E-3,-4.800000042E-2,1.095000096E-2,4.939944394E-2
7.600309970E-1,1.695000008E-2,-4.800000042E-2,1.995000057E-2,5.467453763E-2
7.625412260E-1,-1.095000096E-2,-2.400000021E-2,3.195000067E-2,4.143313980E-2
7.650516680E-1,1.005000062E-2,-5.505000427E-2,2.295000106E-2,6.048312188E-2
7.675648990E-1,-2.805000171E-2,-3.795000166E-2,3.495000303E-2,5.872399793E-2
7.700725930E-1,-3.495000303E-2,-2.895000204E-2,0.000000000E0,4.538287485E-2
7.725830530E-1,4.950000439E-3,-6.495000422E-2,1.050000079E-3,6.514681921E-2
7.750935150E-1,-1.605000161E-2,-7.395000011E-2,1.605000161E-2,7.735507494E-2
7.776067310E-1,-1.050000079E-3,-4.995000362E-2,-1.200000010E-2,5.138195563E-2
7.801143490E-1,1.200000010E-2,-4.995000362E-2,9.000000544E-3,5.215364680E-2
7.826248080E-1,3.405000269E-2,-4.095000029E-2,3.705000132E-2,6.487686649E-2
7.851352700E-1,1.200000010E-2,-3.600000218E-2,3.195000067E-2,4.960647843E-2
7.876485050E-1,1.395000052E-2,-3.600000218E-2,4.695000127E-2,6.078573262E-2
7.901561990E-1,2.595000155E-2,-6.195000187E-2,1.050000079E-3,6.717371370E-2
7.926666580E-1,1.005000062E-2,-2.205000073E-2,6.000000052E-3,2.496407509E-2
7.951771200E-1,-1.995000057E-2,9.000000544E-3,2.805000171E-2,3.557815521E-2
7.976903320E-1,1.695000008E-2,-5.505000427E-2,9.000000544E-3,5.829927515E-2
8.001980260E-1,1.395000052E-2,-6.900000572E-2,-1.695000008E-2,7.240791260E-2
8.027084860E-1,-7.950000465E-3,-4.800000042E-2,1.305000018E-2,5.037365435E-2
8.052187160E-1,-1.605000161E-2,-4.800000042E-2,-7.050000131E-3,5.110093046E-2
8.077319280E-1,-1.095000096E-2,-4.995000362E-2,-1.950000064E-3,5.117331222E-2
8.102396220E-1,3.105000220E-2,-3.105000220E-2,2.505000122E-2,5.055400909E-2
8.127500820E-1,-4.050000105E-3,-2.205000073E-2,-7.050000131E-3,2.350122411E-2
8.152605440E-1,0.000000000E0,-6.000000238E-2,-1.005000062E-2,6.083586770E-2
8.177736820E-1,-1.095000096E-2,-5.700000376E-2,0.000000000E0,5.804225141E-2
8.202813770E-1,2.205000073E-2,-6.195000187E-2,0.000000000E0,6.575716891E-2
8.227918360E-1,1.395000052E-2,-4.095000029E-2,6.000000052E-3,4.367499329E-2
8.253022980E-1,4.605000094E-2,4.050000105E-3,1.605000161E-2,4.893472835E-2
8.278155340E-1,2.595000155E-2,-1.905000024E-2,3.000000119E-2,4.400346760E-2
8.303232280E-1,4.950000439E-3,-2.205000073E-2,3.705000132E-2,4.339824460E-2
8.328334570E-1,1.005000062E-2,-3.795000166E-2,1.095000096E-2,4.075668852E-2
8.353439180E-1,1.695000008E-2,-4.800000042E-2,-7.050000131E-3,5.139070971E-2
8.378571350E-1,2.595000155E-2,-5.295000225E-2,0.000000000E0,5.896698499E-2
8.403648290E-1,-4.200000316E-2,-6.000000238E-2,-1.005000062E-2,7.392565904E-2
8.428752890E-1,-7.950000465E-3,-3.299999982E-2,-3.105000220E-2,4.600331654E-2
8.453857500E-1,1.005000062E-2,-3.795000166E-2,0.000000000E0,3.925818562E-2
8.478989710E-1,3.000000026E-3,-3.299999982E-2,4.050000105E-3,3.338266750E-2
8.504066660E-1,1.200000010E-2,-5.505000427E-2,1.050000079E-3,5.635251080E-2
8.529171250E-1,1.695000008E-2,-4.500000179E-2,1.095000096E-2,4.931739231E-2
8.554275100E-1,4.950000439E-3,-5.295000225E-2,4.200000316E-2,6.776581371E-2
8.579407400E-1,-1.305000018E-2,-3.600000218E-2,9.000000544E-3,3.933576834E-2
8.604484350E-1,-1.095000096E-2,-3.299999982E-2,0.000000000E0,3.476927536E-2
8.629588940E-1,1.200000010E-2,-5.505000427E-2,9.000000544E-3,5.705701519E-2
8.654693560E-1,4.950000439E-3,-5.700000376E-2,1.050000079E-3,5.722416826E-2
8.679825870E-1,4.950000439E-3,-4.995000362E-2,1.095000096E-2,5.137516800E-2
8.704902860E-1,0.000000000E0,-3.299999982E-2,4.050000105E-3,3.324759373E-2
8.730005150E-1,4.950000439E-3,-3.105000220E-2,1.050000079E-3,3.145961922E-2
8.755109760E-1,-2.805000171E-2,-3.600000218E-2,4.005000368E-2,6.071907070E-2
8.780242070E-1,1.005000062E-2,-5.700000376E-2,1.995000057E-2,6.122095608E-2
8.805318960E-1,4.950000439E-3,-4.305000231E-2,-1.200000010E-2,4.496448827E-2
8.830422790E-1,0.000000000E0,-4.305000231E-2,-1.395000052E-2,4.525378673E-2
8.855527410E-1,2.205000073E-2,-6.000000238E-2,-7.050000131E-3,6.431100466E-2
8.880659710E-1,-2.505000122E-2,-6.495000422E-2,-1.695000008E-2,7.164710819E-2
8.905736660E-1,-2.505000122E-2,-3.600000218E-2,6.000000052E-3,4.426627066E-2
8.930841250E-1,-6.000000052E-3,-4.500000179E-2,-5.295000225E-2,6.974742218E-2
8.955945870E-1,-1.350000054E-1,1.339950085E0,-3.105000220E-2,1.347091435E0
8.981075870E-1,-1.159950018E0,1.764705086E1,1.063950062E0,1.771710692E1
9.006152810E-1,1.420050025E0,3.489795303E1,-3.445050240E0,3.509632515E1
9.031257610E-1,3.976950169E0,5.290305328E1,-3.316050053E0,5.315585920E1
9.056364530E-1,4.741050243E0,7.442805481E1,-3.240000248E0,7.464924984E1
9.081494530E-1,6.292050362E0,7.843395233E1,-6.024000168E0,7.891617929E1
9.106571470E-1,7.384050369E0,7.829205322E1,-8.860950470E0,7.913713566E1
9.131676060E-1,7.968000412E0,7.830705261E1,-1.275405025E1,7.973800422E1
9.156780670E-1,8.590950012E0,7.843395233E1,-1.606800079E1,8.052248102E1
9.181912980E-1,9.553050041E0,7.843395233E1,-1.590795040E1,8.059906035E1
9.206989150E-1,9.610950470E0,7.843095398E1,-1.375800037E1,8.020640551E1
9.232094810E-1,7.798050404E0,7.843395233E1,-1.126500034E1,7.962157183E1
9.257198660E-1,5.857050419E0,7.843395233E1,-8.859000206E0,7.914967974E1
9.282330960E-1,4.240050316E0,7.843395233E1,-6.955050468E0,7.885579010E1
9.307407910E-1,2.749050140E0,7.762395477E1,-5.563950062E0,7.787164549E1
9.332512500E-1,1.731000066E0,6.721095276E1,-4.293000221E0,6.737015944E1
9.357617120E-1,9.480000734E-1,5.256600189E1,-3.105000257E0,5.266615883E1
9.382747120E-1,3.660000265E-1,4.072305298E1,-1.960950136E0,4.077188155E1
9.407824060E-1,-1.590000093E-1,3.045195198E1,-9.510000348E-1,3.046721289E1
9.432928810E-1,-6.000000238E-1,2.152395058E1,-1.939500123E-1,2.153318520E1
9.458033420E-1,-9.760500193E-1,1.395795059E1,5.740500093E-1,1.400380633E1
9.483165730E-1,-1.227000117E0,7.668000221E0,1.117050052E0,7.845480068E0
9.508242670E-1,-1.285050035E0,2.436000109E0,9.589500427E-1,2.916339367E0
9.533346500E-1,-1.273050070E0,-1.896000147E0,3.940500319E-1,2.317487533E0
9.558450910E-1,-1.050000072E0,-5.527950287E0,2.050500065E-1,5.630522181E0
9.583583220E-1,-6.979500055E-1,-8.193000793E0,1.995000057E-2,8.222699935E0
9.608660160E-1,-4.300500154E-1,-9.738000870E0,-9.795000404E-2,9.747984313E0
9.633764760E-1,-2.530499995E-1,-1.033095074E1,-1.720500141E-1,1.033548154E1
9.658869380E-1,-1.429500133E-1,-1.051995087E1,-1.840500087E-1,1.052253179E1
9.683999380E-1,-1.469999999E-1,-1.050405025E1,-2.539499998E-1,1.050814786E1
9.709076320E-1,-1.980000138E-1,-1.045305061E1,-2.080500126E-1,1.045699555E1
9.734180910E-1,-1.660500020E-1,-1.047300053E1,-2.320500165E-1,1.047688693E1
9.759285530E-1,-1.860000044E-1,-1.043205070E1,-2.470500171E-1,1.043663316E1
9.784417840E-1,-1.590000093E-1,-1.042200089E1,-2.539499998E-1,1.042630683E1
9.809494780E-1,-1.780500114E-1,-1.041300011E1,-1.990500093E-1,1.041642424E1
9.834599380E-1,-1.469999999E-1,-1.044900036E1,-2.299500108E-1,1.045256402E1
9.859703990E-1,-1.549500078E-1,-1.039800072E1,-2.370000184E-1,1.040185548E1
9.884836450E-1,-1.620000005E-1,-1.036995029E1,-2.110500038E-1,1.037336277E1
9.909912620E-1,-1.469999999E-1,-1.036005020E1,-2.370000184E-1,1.036380327E1
9.935017220E-1,-1.780500114E-1,-1.037700081E1,-2.040000111E-1,1.038053291E1
9.960121830E-1,-1.740000099E-1,-1.034295082E1,-1.960500032E-1,1.034627195E1
9.985254140E-1,-1.469999999E-1,-1.035000038E1,-1.870500147E-1,1.035273416E1
1.001033108E0,-1.759500057E-1,-1.035000038E1,-1.600500047E-1,1.035273308E1
1.003543568E0,-1.549500078E-1,-1.034100056E1,-1.800000072E-1,1.034372767E1
1.006053799E0,-1.429500133E-1,-1.031205082E1,-1.770000011E-1,1.031456038E1
1.008567030E0,-1.549500078E-1,-1.031700039E1,-1.750500053E-1,1.031964869E1
1.011074709E0,-1.590000093E-1,-1.029795074E1,-1.440000087E-1,1.030018478E1
1.013585168E0,-1.620000005E-1,-1.031895065E1,-1.129500046E-1,1.032084029E1
1.016095630E0,-1.330500096E-1,-1.033395004E1,-8.400000632E-2,1.033514788E1
1.018608861E0,-1.639500111E-1,-1.028805065E1,-1.395000052E-2,1.028936638E1
1.021116565E0,-1.519500017E-1,-1.030695057E1,1.519500017E-1,1.030919045E1
1.023627025E0,-1.429500133E-1,-1.027095032E1,5.689499974E-1,1.028768969E1
1.026137409E0,-1.309500039E-1,-1.086000061E1,3.847050190E0,1.152200314E1
1.028650640E0,-3.409500122E-1,-1.234695053E1,8.854949951E0,1.519781474E1
1.031158334E0,-1.270050049E0,-1.357095051E1,1.365600109E1,1.929430202E1
1.033668794E0,-2.295000076E0,-1.468395042E1,1.824600029E1,2.353299709E1
1.036179255E0,-2.980050087E0,-1.511700058E1,2.071905136E1,2.582021484E1
1.038692486E0,-3.705000162E0,-1.527600098E1,2.337000084E1,2.816451972E1
1.041200181E0,-4.186950207E0,-1.536195087E1,2.561100197E1,3.015698109E1
1.043710394E0,-4.420950413E0,-1.514100075E1,2.659695053E1,3.092236220E1
1.046220856E0,-4.476000309E0,-1.503795052E1,2.785200119E1,3.196730368E1
1.048734087E0,-4.432950020E0,-1.482105064E1,2.919000053E1,3.303590046E1
1.051241781E0,-4.251000404E0,-1.458105087E1,3.023595238E1,3.383623598E1
1.053752245E0,-4.099950314E0,-1.437495041E1,3.103605080E1,3.444829808E1
1.056262707E0,-3.958950281E0,-1.425300026E1,3.141000175E1,3.471900796E1
1.058775938E0,-3.712050200E0,-1.395600033E1,3.134700203E1,3.451353065E1
1.061283555E0,-3.183000088E0,-1.374795055E1,3.123000145E1,3.427025860E1
1.063794030E0,-2.695050240E0,-1.353495026E1,3.106005096E1,3.398801171E1
1.066304491E0,-2.299950123E0,-1.337700081E1,3.086400223E1,3.371676964E1
1.068817722E0,-2.065050125E0,-1.332900047E1,3.037995148E1,3.323955682E1
1.071325416E0,-1.936050057E0,-1.323795033E1,2.976495171E1,3.263347926E1
1.073835625E0,-1.753950119E0,-1.306995106E1,2.907795143E1,3.192847038E1
1.076346087E0,-1.672950029E0,-1.288395023E1,2.811300087E1,3.096991691E1
1.078859317E0,-1.552950025E0,-1.245495033E1,2.673600197E1,2.953559281E1
1.081367012E0,-1.360950112E0,-1.186095047E1,2.503800201E1,2.773870718E1
1.083877486E0,-1.249050021E0,-1.128900051E1,2.318505096E1,2.581759568E1
1.086387871E0,-1.098000050E0,-1.087005043E1,2.133900070E1,2.397324658E1
1.088901102E0,-1.000050068E0,-1.045605087E1,1.968000031E1,2.230765591E1
1.091408796E0,-1.009050012E0,-1.021605015E1,1.818105125E1,2.087909211E1
1.093919322E0,-1.086000085E0,-9.970050812E0,1.668494987E1,1.946712258E1
1.096429707E0,-1.081050038E0,-9.763950348E0,1.535805035E1,1.823110271E1
1.098942938E0,-1.131000042E0,-9.613050461E0,1.414395046E1,1.713888080E1
1.101450632E0,-1.165050030E0,-9.465000153E0,1.303095055E1,1.614773178E1
1.103960866E0,-1.171950102E0,-9.390000343E0,1.198500061E1,1.527042282E1
1.106471558E0,-1.183950067E0,-9.378000259E0,1.108005047E1,1.456420767E1
1.108984558E0,-1.194000006E0,-9.333000183E0,1.014600086E1,1.383733580E1
1.111492253E0,-1.230000019E0,-9.349950790E0,9.301050186E0,1.324552809E1
1.114002697E0,-1.273050070E0,-9.364050865E0,8.414999962E0,1.265378716E1
1.116513159E0,-1.227000117E0,-9.393000603E0,7.528950214E0,1.210037524E1
1.119026389E0,-1.206000090E0,-9.406949997E0,6.804000378E0,1.167217056E1
1.121534084E0,-1.167000055E0,-9.465000153E0,5.992050171E0,1.126289404E1
1.124044543E0,-1.153050065E0,-9.469050407E0,5.245050430E0,1.088590805E1
1.126555024E0,-1.138950109E0,-9.466950417E0,4.627050400E0,1.059858259E1
1.129068178E0,-1.078950047E0,-9.448050499E0,3.961050272E0,1.030144217E1
1.131575872E0,-1.042950034E0,-9.393000603E0,3.289050102E0,1.000670054E1
1.134086332E0,-9.900000691E-1,-9.333000183E0,2.716050148E0,9.770461655E0
1.136596817E0,-9.250500202E-1,-9.229950905E0,2.209050179E0,9.535597199E0
1.139109817E0,-8.700000644E-1,-9.133950233E0,1.741950035E0,9.339182882E0
1.141617511E0,-8.460000157E-1,-9.012000084E0,1.309050083E0,9.145789942E0
1.144127971E0,-7.870500088E-1,-8.863950729E0,9.450000525E-1,8.948860003E0
1.146638453E0,-7.320000529E-1,-8.746050835E0,7.099500299E-1,8.805297174E0
1.149151683E0,-7.120500207E-1,-8.590950012E0,4.830000103E-1,8.633928790E0
1.151659378E0,-7.120500207E-1,-8.470950127E0,3.700500131E-1,8.508874678E0
1.154169837E0,-7.240500450E-1,-8.265000343E0,3.679500222E-1,8.304809833E0
1.156680222E0,-6.619500518E-1,-8.064000130E0,4.249500334E-1,8.102274896E0
1.159193529E0,-6.360000372E-1,-7.960950375E0,5.539500117E-1,8.005503578E0
1.161701147E0,-6.190500259E-1,-7.834050179E0,8.779500127E-1,7.907361213E0
1.164211606E0,-6.190500259E-1,-7.699950218E0,1.246050000E0,7.824646759E0
1.166722068E0,-5.830500126E-1,-7.603950500E0,1.701000094E0,7.813668271E0
1.169235308E0,-5.020500422E-1,-7.534950256E0,2.173050165E0,7.858096247E0
1.171743002E0,-4.849500358E-1,-7.465050220E0,2.652000189E0,7.936955105E0
1.174253462E0,-4.750500321E-1,-7.405050278E0,3.157050133E0,8.063957322E0
1.176763923E0,-4.350000322E-1,-7.342950344E0,3.717000246E0,8.241616080E0
1.179276933E0,-3.799500167E-1,-7.306950569E0,4.251000404E0,8.462085622E0
1.181784627E0,-3.750000298E-1,-7.303050518E0,4.831050396E0,8.764372186E0
1.184295087E0,-3.889500201E-1,-7.282950401E0,5.451000214E0,9.105276053E0
1.186805549E0,-4.270500243E-1,-7.318950176E0,6.142950058E0,9.564791625E0
1.189318774E0,-4.129500091E-1,-7.350000381E0,6.885000229E0,1.007949708E1
1.191826469E0,-4.060500264E-1,-7.357950211E0,7.555050373E0,1.055381893E1
1.194336851E0,-4.590000212E-1,-7.420050144E0,8.250000000E0,1.110541873E1
1.196847313E0,-5.620500445E-1,-7.425000191E0,8.986950874E0,1.167098171E1
1.199360534E0,-6.550500393E-1,-7.422000408E0,9.693000793E0,1.222576971E1
1.201868228E0,-8.110500574E-1,-7.362000465E0,1.023900032E1,1.263700837E1
1.204378687E0,-1.026000023E0,-7.135050297E0,1.072095013E1,1.291899340E1
1.206889149E0,-1.294050097E0,-6.888000488E0,1.113195038E1,1.315444547E1
1.209402149E0,-1.507050037E0,-6.727950096E0,1.160595036E1,1.349942947E1
1.211909853E0,-1.705950022E0,-6.486000538E0,1.223895073E1,1.395601603E1
1.214420313E0,-1.914000034E0,-6.105000496E0,1.289505100E1,1.439502579E1
1.216930774E0,-2.127000093E0,-5.695950508E0,1.351905060E1,1.482338391E1
1.219444005E0,-2.269050121E0,-5.322000027E0,1.447500038E1,1.558839019E1
1.221951623E0,-2.367000103E0,-5.064000130E0,1.543500042E1,1.641602951E1
1.224462159E0,-2.362050056E0,-4.780950069E0,1.586100101E1,1.673344308E1
1.226972544E0,-2.284950018E0,-4.471950054E0,1.602195168E1,1.679054107E1
1.229485851E0,-2.230050087E0,-4.185000420E0,1.604100037E1,1.672725455E1
1.231993439E0,-2.178000212E0,-3.850050211E0,1.598805046E1,1.658868075E1
1.234503898E0,-2.134950161E0,-3.499950171E0,1.590195084E1,1.642192753E1
1.237014360E0,-2.125050068E0,-3.297000170E0,1.574595070E1,1.622716893E1
1.239527591E0,-2.056050062E0,-3.105000257E0,1.564095116E1,1.607817532E1
1.242035300E0,-2.034000158E0,-2.896950245E0,1.547595119E1,1.587559582E1
1.244545759E0,-1.978950143E0,-2.808000088E0,1.522395039E1,1.560672206E1
1.247055990E0,-1.858950138E0,-2.715000153E0,1.492695045E1,1.528531227E1
1.249569221E0,-1.711050034E0,-2.662050009E0,1.457805061E1,1.491756556E1
1.252076910E0,-1.584000111E0,-2.710050106E0,1.411995029E1,1.446466122E1
1.254587370E0,-1.438050032E0,-2.800950050E0,1.359795094E1,1.395770679E1
1.257097831E0,-1.249050021E0,-2.923050165E0,1.304295063E1,1.342471264E1
1.259610985E0,-1.162950039E0,-3.085950136E0,1.249695015E1,1.292475547E1
1.262118675E0,-1.036050081E0,-3.283050060E0,1.191300011E1,1.240045923E1
1.264629134E0,-1.002000093E0,-3.424050093E0,1.137705040E1,1.192331326E1
1.267139596E0,-9.250500202E-1,-3.625050068E0,1.085895061E1,1.148536086E1
1.269652826E0,-9.019500613E-1,-3.739950180E0,1.039500046E1,1.108407758E1
1.272160521E0,-8.850000501E-1,-3.811950207E0,9.886950493E0,1.063324878E1
1.274670750E0,-8.580000401E-1,-3.876000166E0,9.480000496E0,1.027764325E1
1.277181211E0,-8.509500623E-1,-3.939000130E0,9.073050499E0,9.927743116E0
1.279694442E0,-8.200500607E-1,-3.973950148E0,8.713950157E0,9.612371675E0
1.282202136E0,-8.200500607E-1,-4.000950336E0,8.331000328E0,9.278235401E0
1.284712605E0,-7.819500566E-1,-4.009950161E0,8.053050041E0,9.030103053E0
1.287223066E0,-7.669500113E-1,-3.961950302E0,7.825950146E0,8.805155206E0
1.289736297E0,-7.530000210E-1,-3.928950071E0,7.539000511E0,8.534646238E0
1.292243991E0,-7.789500356E-1,-3.900000095E0,7.351950169E0,8.358704157E0
1.294754442E0,-7.669500113E-1,-3.847950220E0,7.183950424E0,8.185601805E0
1.297264826E0,-7.600500584E-1,-3.784950256E0,7.030950546E0,8.021084099E0
1.299778057E0,-7.770000100E-1,-3.727950096E0,6.873000145E0,7.857446909E0
1.302285752E0,-7.480500340E-1,-3.666000128E0,6.814950466E0,7.774489414E0
1.304796206E0,-7.339500189E-1,-3.625050068E0,6.733950138E0,7.682822078E0
1.307306668E0,-6.979500055E-1,-3.639000177E0,6.691050529E0,7.648504016E0
1.309819898E0,-6.529500484E-1,-3.594000101E0,6.619050503E0,7.560093257E0
1.312327593E0,-6.550500393E-1,-3.601050138E0,6.600000381E0,7.546963475E0
1.314838033E0,-6.739500165E-1,-3.601050138E0,6.610050201E0,7.557415854E0
1.317348264E0,-6.190500259E-1,-3.631950140E0,6.637950420E0,7.591881884E0
1.319861495E0,-5.380499959E-1,-3.625050068E0,6.696000099E0,7.633276041E0
1.322369189E0,-5.209500194E-1,-3.697050095E0,6.753000259E0,7.716383922E0
1.324879581E0,-5.110500455E-1,-3.769050121E0,6.883050442E0,7.864050760E0
1.327390042E0,-4.470000267E-1,-3.783000231E0,6.985050201E0,7.956244471E0
1.329903273E0,-4.180500209E-1,-3.807000160E0,7.198950291E0,8.154317956E0
1.332410967E0,-4.270500243E-1,-3.883050203E0,7.431000233E0,8.395249553E0
1.334921418E0,-4.369500279E-1,-3.892950296E0,7.677000523E0,8.618719415E0
1.337431880E0,-4.390500188E-1,-3.879000187E0,7.888050556E0,8.801178838E0
1.339944880E0,-4.900500178E-1,-3.864000082E0,8.137050629E0,9.021210483E0
1.342452805E0,-4.800000191E-1,-3.928950071E0,8.422050476E0,9.305803721E0
1.344963033E0,-5.329500437E-1,-3.856950283E0,8.680950165E0,9.514147203E0
1.347473716E0,-5.520000458E-1,-3.855000257E0,8.910000801E0,9.723880157E0
1.349986716E0,-5.970000029E-1,-3.802050114E0,9.097050667E0,9.877667989E0
1.352494410E0,-6.310500503E-1,-3.787950277E0,9.375000000E0,1.013101261E1
1.355004870E0,-6.979500055E-1,-3.771000147E0,9.552000046E0,1.029311815E1
1.357515254E0,-7.699500322E-1,-3.739950180E0,9.717000008E0,1.044031319E1
1.360028562E0,-7.960500121E-1,-3.718050241E0,9.957000732E0,1.065830459E1
1.362536256E0,-8.460000157E-1,-3.697050095E0,1.007400036E1,1.076426396E1
1.365046716E0,-9.160500169E-1,-3.678000212E0,1.020300007E1,1.088430262E1
1.367557105E0,-9.690000415E-1,-3.655950069E0,1.031100082E1,1.098278972E1
1.370070336E0,-1.014000058E0,-3.619950056E0,1.039005089E1,1.104922585E1
1.372578030E0,-1.054949999E0,-3.622950077E0,1.046895027E1,1.112823466E1
1.375088490E0,-1.072050095E0,-3.601050138E0,1.047900009E1,1.113221885E1
1.377598957E0,-1.093050003E0,-3.622950077E0,1.051905060E1,1.117904070E1
1.380111957E0,-1.141050100E0,-3.627000093E0,1.051695061E1,1.118317375E1
1.382619882E0,-1.153050065E0,-3.618000269E0,1.043805027E1,1.110731038E1
1.385130110E0,-1.117050052E0,-3.631950140E0,1.037805080E1,1.105182343E1
1.387640572E0,-1.098000050E0,-3.639000177E0,1.025805092E1,1.093963139E1
1.390153817E0,-1.106999993E0,-3.666000128E0,1.012695026E1,1.082682445E1
1.392661511E0,-1.060050011E0,-3.709050179E0,9.942000389E0,1.066415168E1
1.395171894E0,-1.038000107E0,-3.711000204E0,9.768000603E0,1.050060963E1
1.397682355E0,-9.850500226E-1,-3.706050158E0,9.604950905E0,1.034215709E1
1.400195601E0,-9.330000281E-1,-3.727950096E0,9.423000336E0,1.017649430E1
1.402703295E0,-8.940000534E-1,-3.769050121E0,9.226950645E0,1.000707715E1
1.405213755E0,-8.580000401E-1,-3.763950109E0,9.078000069E0,9.864764049E0
1.407724216E0,-8.320500255E-1,-3.772950172E0,8.953950882E0,9.751958606E0
1.410237216E0,-7.819500566E-1,-3.807000160E0,8.869950294E0,9.684044317E0
1.412745141E0,-7.510500550E-1,-3.819000244E0,8.716950417E0,9.546416271E0
1.415255370E0,-7.120500207E-1,-3.828000069E0,8.632950783E0,9.470398037E0
1.417765832E0,-6.979500055E-1,-3.828000069E0,8.572950363E0,9.414679849E0
1.420279063E0,-7.080000043E-1,-3.835950136E0,8.520000458E0,9.370495465E0
1.422786762E0,-6.760500073E-1,-3.819000244E0,8.467950821E0,9.313860509E0
1.425297221E0,-6.690000296E-1,-3.835950136E0,8.434050560E0,9.289525463E0
1.427807683E0,-6.810000539E-1,-3.820950270E0,8.434050560E0,9.284214069E0
1.430320914E0,-6.790500283E-1,-3.796950102E0,8.416950226E0,9.258671077E0
1.432828531E0,-6.550500393E-1,-3.769050121E0,8.422050476E0,9.250176409E0
1.435338991E0,-6.810000539E-1,-3.775950193E0,8.476950645E0,9.304851056E0
1.437849452E0,-6.810000539E-1,-3.760950089E0,8.536950111E0,9.353503293E0
1.440362683E0,-6.619500518E-1,-3.772950172E0,8.596950531E0,9.411742097E0
1.442870372E0,-7.240500450E-1,-3.793050289E0,8.685000420E0,9.504773077E0
1.445380832E0,-7.600500584E-1,-3.787950277E0,8.785950661E0,9.597873327E0
1.447891293E0,-7.530000210E-1,-3.730050087E0,8.860050201E0,9.642653797E0
1.450404293E0,-7.669500113E-1,-3.751950264E0,8.974950790E0,9.757821724E0
1.452911993E0,-7.939500213E-1,-3.784950256E0,9.040050507E0,9.832533663E0
1.455422452E0,-7.840500474E-1,-3.745050192E0,9.114000320E0,9.884590900E0
1.457932914E0,-7.789500356E-1,-3.730050087E0,9.223950386E0,9.980044967E0
1.460446145E0,-8.149500489E-1,-3.735000134E0,9.259950638E0,1.001803650E1
1.462953844E0,-8.299500346E-1,-3.747000217E0,9.291000366E0,1.005243829E1
1.465464227E0,-8.539500237E-1,-3.757050276E0,9.328950882E0,1.009326419E1
1.467974688E0,-8.580000401E-1,-3.718050241E0,9.379950523E0,1.012637810E1
1.470487919E0,-8.700000644E-1,-3.718050241E0,9.394050598E0,1.014046273E1
1.472995608E0,-8.700000644E-1,-3.745050192E0,9.424950600E0,1.017899773E1
1.475506068E0,-8.800500631E-1,-3.757050276E0,9.407999992E0,1.016859768E1
1.478016529E0,-8.820000291E-1,-3.699000120E0,9.397050858E0,1.013731181E1
1.480529760E0,-8.560500145E-1,-3.724950075E0,9.339000702E0,1.009083786E1
1.483037459E0,-8.680500388E-1,-3.766050100E0,9.310050011E0,1.008036088E1
1.485547688E0,-8.869500160E-1,-3.757050276E0,9.315000534E0,1.008322082E1
1.488058150E0,-8.460000157E-1,-3.745050192E0,9.279000282E0,1.004196013E1
1.490571380E0,-8.269500136E-1,-3.751950264E0,9.174000740E0,9.946017630E0
1.493079065E0,-8.539500237E-1,-3.760950089E0,9.130949974E0,9.912024195E0
1.495589524E0,-8.419500589E-1,-3.763950109E0,9.106950760E0,9.890032986E0
1.498099986E0,-8.059500456E-1,-3.760950089E0,9.057000160E0,9.839895982E0
1.500613217E0,-8.010000587E-1,-3.772950172E0,9.001049995E0,9.792632696E0
1.503120834E0,-7.990500331E-1,-3.796950102E0,8.970000267E0,9.773239781E0
1.505631289E0,-7.960500121E-1,-3.795000076E0,8.968050003E0,9.770447383E0
1.508141750E0,-7.789500356E-1,-3.769050121E0,8.925000191E0,9.719471713E0
1.510654981E0,-7.410000563E-1,-3.784950256E0,8.899050713E0,9.698867620E0
1.513162675E0,-7.510500550E-1,-3.793050289E0,8.922000885E0,9.723857592E0
1.515673135E0,-7.819500566E-1,-3.757050276E0,8.941950798E0,9.730640099E0
1.518183365E0,-7.770000100E-1,-3.793050289E0,8.917950630E0,9.722180977E0
1.520696596E0,-7.789500356E-1,-3.760950089E0,8.920050621E0,9.711787261E0
1.523204291E0,-7.789500356E-1,-3.735000134E0,9.016050339E0,9.790104844E0
1.525714746E0,-7.650000453E-1,-3.754050255E0,8.998950005E0,9.780553132E0
1.528225208E0,-7.870500088E-1,-3.769050121E0,9.037050247E0,9.823108658E0
1.530738362E0,-7.960500121E-1,-3.751950264E0,9.037050247E0,9.817285958E0
1.533246056E0,-7.909500599E-1,-3.735000134E0,9.082950592E0,9.852706199E0
1.535756515E0,-7.909500599E-1,-3.763950109E0,9.133049965E0,9.909870034E0
1.538266986E0,-8.110500574E-1,-3.733050108E0,9.145050049E0,9.910873105E0
1.540780217E0,-8.110500574E-1,-3.724950075E0,9.157050133E0,9.918902278E0
1.543287911E0,-8.370000124E-1,-3.747000217E0,9.174000740E0,9.944992168E0
1.545798140E0,-8.080500364E-1,-3.733050108E0,9.183000565E0,9.945657713E0
1.548308850E0,-8.320500255E-1,-3.754050255E0,9.183000565E0,9.955536145E0
1.550821850E0,-8.350500464E-1,-3.751950264E0,9.195000648E0,9.966066239E0
1.553329775E0,-8.320500255E-1,-3.711000204E0,9.183000565E0,9.939382734E0
1.555840004E0,-8.250000477E-1,-3.754050255E0,9.169050217E0,9.942082290E0
1.558350463E0,-8.320500255E-1,-3.769050121E0,9.157050133E0,9.937283995E0
1.560863693E0,-7.960500121E-1,-3.757050276E0,9.148050308E0,9.921489144E0
1.563371388E0,-7.840500474E-1,-3.796950102E0,9.136050224E0,9.924665146E0
1.565881847E0,-8.029500246E-1,-3.784950256E0,9.094950676E0,9.883759658E0
1.568392232E0,-8.149500489E-1,-3.763950109E0,9.097050667E0,9.878653493E0
1.570905447E0,-8.179500103E-1,-3.760950089E0,9.045000076E0,9.829843039E0
1.573413141E0,-8.080500364E-1,-3.772950172E0,9.058950424E0,9.846455233E0
1.575923600E0,-7.840500474E-1,-3.781050205E0,9.079950333E0,9.866943457E0
1.578434062E0,-8.250000477E-1,-3.772950172E0,9.034950256E0,9.825787715E0
1.580947288E0,-8.179500103E-1,-3.766050100E0,9.016050339E0,9.805169009E0
1.583454982E0,-7.720500231E-1,-3.760950089E0,9.032999992E0,9.815085108E0
1.585965442E0,-7.630500197E-1,-3.766050100E0,9.037050247E0,9.820063944E0
1.588475672E0,-7.699500322E-1,-3.772950172E0,9.065999985E0,9.849889937E0
1.590988889E0,-7.890000343E-1,-3.772950172E0,9.058950424E0,9.844910200E0
1.593496583E0,-7.840500474E-1,-3.771000147E0,9.061050415E0,9.845700138E0
1.596007043E0,-8.010000587E-1,-3.760950089E0,9.079950333E0,9.860620909E0
1.598517505E0,-8.230500221E-1,-3.775950193E0,9.094950676E0,9.881970401E0
1.601030672E0,-8.230500221E-1,-3.796950102E0,9.097050667E0,9.891944816E0
1.603538367E0,-7.939500213E-1,-3.783000231E0,9.118950844E0,9.904378419E0
1.606048826E0,-8.230500221E-1,-3.771000147E0,9.121050835E0,9.904111357E0
1.608559288E0,-8.230500221E-1,-3.775950193E0,9.114000320E0,9.899505697E0
1.611072519E0,-8.130000234E-1,-3.766050100E0,9.121050835E0,9.901397413E0
1.613580213E0,-8.179500103E-1,-3.727950096E0,9.124050140E0,9.890143836E0
1.616090672E0,-8.110500574E-1,-3.783000231E0,9.121050835E0,9.907697072E0
1.618601134E0,-8.059500456E-1,-3.795000076E0,9.115950584E0,9.907175991E0
1.621114120E0,-8.010000587E-1,-3.781050205E0,9.112050056E0,9.897848149E0
1.623621814E0,-7.840500474E-1,-3.771000147E0,9.114000320E0,9.894451901E0
1.626132274E0,-8.179500103E-1,-3.747000217E0,9.097050667E0,9.872455808E0
1.628642735E0,-7.789500356E-1,-3.748950243E0,9.065999985E0,9.841430120E0
1.631155966E0,-7.870500088E-1,-3.757050276E0,9.073050499E0,9.851655691E0
1.633663660E0,-8.059500456E-1,-3.757050276E0,9.078000069E0,9.857741501E0
1.636174120E0,-8.419500589E-1,-3.759000063E0,9.046950340E0,9.832917768E0
1.638684582E0,-8.179500103E-1,-3.757050276E0,9.097050667E0,9.876274593E0
1.641197735E0,-8.250000477E-1,-3.793050289E0,9.082950592E0,9.877643800E0
1.643705430E0,-8.080500364E-1,-3.799950123E0,9.088050842E0,9.883584062E0
1.646215889E0,-8.299500346E-1,-3.778050184E0,9.064050674E0,9.854922368E0
1.648726351E0,-8.110500574E-1,-3.751950264E0,9.085050583E0,9.862711446E0
1.651239582E0,-7.720500231E-1,-3.748950243E0,9.114000320E0,9.885124734E0
1.653747045E0,-7.789500356E-1,-3.766050100E0,9.094950676E0,9.874615148E0
1.656257505E0,-7.939500213E-1,-3.735000134E0,9.109050751E0,9.877013122E0
1.658767966E0,-7.890000343E-1,-3.775950193E0,9.103950500E0,9.887478730E0
1.661281197E0,-7.819500566E-1,-3.799950123E0,9.106950760E0,9.898869580E0
1.663788876E0,-7.909500599E-1,-3.783000231E0,9.090000153E0,9.877489333E0
1.666299336E0,-8.269500136E-1,-3.793050289E0,9.121050835E0,9.912852523E0
1.668809797E0,-8.059500456E-1,-3.772950172E0,9.112050056E0,9.895158650E0
1.671322951E0,-7.939500213E-1,-3.781050205E0,9.100049973E0,9.886233195E0
1.673830646E0,-8.419500589E-1,-3.751950264E0,9.094950676E0,9.874418387E0
1.676341105E0,-8.130000234E-1,-3.783000231E0,9.102000237E0,9.890321941E0
1.678851567E0,-8.200500607E-1,-3.795000076E0,9.097050667E0,9.890947301E0
1.681364797E0,-7.770000100E-1,-3.751950264E0,9.057000160E0,9.834129941E0
1.683872492E0,-7.960500121E-1,-3.730050087E0,9.100049973E0,9.867009617E0
1.686382736E0,-7.990500331E-1,-3.781050205E0,9.076050758E0,9.864558732E0
1.688893428E0,-7.770000100E-1,-3.784950256E0,9.103950500E0,9.889969271E0
1.691406428E0,-8.230500221E-1,-3.759000063E0,9.082950592E0,9.864455599E0
1.693914122E0,-8.130000234E-1,-3.742050171E0,9.102000237E0,9.874731228E0
1.696424601E0,-8.059500456E-1,-3.759000063E0,9.094950676E0,9.874095642E0
1.698935062E0,-8.299500346E-1,-3.754050255E0,9.079950333E0,9.860385815E0
1.701448293E0,-7.990500331E-1,-3.790050268E0,9.091950417E0,9.882637521E0
1.703955987E0,-7.909500599E-1,-3.778050184E0,9.076050758E0,9.862756337E0
1.706466447E0,-8.179500103E-1,-3.747000217E0,9.070950508E0,9.848410835E0
1.708976831E0,-8.029500246E-1,-3.763950109E0,9.088050842E0,9.869382822E0
1.711490062E0,-7.990500331E-1,-3.787950277E0,9.076050758E0,9.867205563E0
1.713997757E0,-7.990500331E-1,-3.760950089E0,9.090000153E0,9.869717792E0
1.716508201E0,-7.909500599E-1,-3.778050184E0,9.097050667E0,9.882084599E0
1.719018663E0,-7.819500566E-1,-3.760950089E0,9.097050667E0,9.874842900E0
1.721531663E0,-8.200500607E-1,-3.748950243E0,9.106950760E0,9.882492710E0
1.724039357E0,-8.250000477E-1,-3.775950193E0,9.088050842E0,9.875783162E0
1.726549813E0,-8.130000234E-1,-3.808950186E0,9.070950508E0,9.871738128E0
1.729060274E0,-8.080500364E-1,-3.787950277E0,9.079950333E0,9.871525222E0
1.731573505E0,-8.110500574E-1,-3.772950172E0,9.106950760E0,9.890880008E0
1.734081199E0,-8.110500574E-1,-3.766050100E0,9.069000244E0,9.853309139E0
1.736591693E0,-8.029500246E-1,-3.772950172E0,9.061050415E0,9.847970165E0
1.739102077E0,-8.130000234E-1,-3.769050121E0,9.070950508E0,9.856411668E0
1.741615308E0,-8.029500246E-1,-3.733050108E0,9.082950592E0,9.852937801E0
1.744123002E0,-8.130000234E-1,-3.799950123E0,9.069000244E0,9.866476342E0
1.746633453E0,-8.130000234E-1,-3.771000147E0,9.076050758E0,9.861851171E0
1.749143914E0,-7.870500088E-1,-3.748950243E0,9.097050667E0,9.870684195E0
1.751657145E0,-7.960500121E-1,-3.730050087E0,9.100049973E0,9.867009617E0
1.754164840E0,-7.909500599E-1,-3.747000217E0,9.069000244E0,9.844408466E0
1.756675068E0,-8.010000587E-1,-3.784950256E0,9.088050842E0,9.877252535E0
1.759185530E0,-8.029500246E-1,-3.799950123E0,9.097050667E0,9.891444814E0
1.761698761E0,-8.179500103E-1,-3.772950172E0,9.090000153E0,9.875844166E0
1.764206455E0,-7.939500213E-1,-3.763950109E0,9.065999985E0,9.848351780E0
1.766716915E0,-7.939500213E-1,-3.775950193E0,9.085050583E0,9.870476209E0
1.769227361E0,-8.299500346E-1,-3.787950277E0,9.102000237E0,9.893623839E0
1.771740592E0,-8.320500255E-1,-3.793050289E0,9.079950333E0,9.875476484E0
1.774248286E0,-8.320500255E-1,-3.757050276E0,9.091950417E0,9.872755259E0
1.776758669E0,-8.130000234E-1,-3.763950109E0,9.078000069E0,9.860952019E0
1.779269130E0,-8.080500364E-1,-3.790050268E0,9.049050331E0,9.843918823E0
1.781782361E0,-7.990500331E-1,-3.784950256E0,9.097050667E0,9.885376079E0
1.784290055E0,-7.939500213E-1,-3.771000147E0,9.082950592E0,9.866650404E0
1.786800515E0,-7.770000100E-1,-3.739950180E0,9.115950584E0,9.883901630E0
1.789310746E0,-7.960500121E-1,-3.775950193E0,9.076050758E0,9.862362438E0
1.791823977E0,-8.250000477E-1,-3.775950193E0,9.046950340E0,9.837974151E0
1.794331671E0,-8.080500364E-1,-3.799950123E0,9.082950592E0,9.878894536E0
1.796842130E0,-7.840500474E-1,-3.802050114E0,9.085050583E0,9.879699572E0
1.799352592E0,-7.990500331E-1,-3.757050276E0,9.085050583E0,9.863673343E0
1.801865833E0,-8.490000367E-1,-3.783000231E0,9.049050331E0,9.844653559E0
1.804373527E0,-8.110500574E-1,-3.748950243E0,9.069000244E0,9.846786052E0
1.806883987E0,-8.080500364E-1,-3.763950109E0,9.091950417E0,9.873389877E0
1.809394371E0,-7.789500356E-1,-3.793050289E0,9.097050667E0,9.886876377E0
1.811907587E0,-8.130000234E-1,-3.751950264E0,9.073050499E0,9.851819384E0
1.814415281E0,-8.110500574E-1,-3.759000063E0,9.109050751E0,9.887501669E0
1.816925741E0,-7.939500213E-1,-3.754050255E0,9.102000237E0,9.877735482E0
1.819436202E0,-7.789500356E-1,-3.748950243E0,9.097050667E0,9.870041637E0
1.821949419E0,-7.990500331E-1,-3.754050255E0,9.054000854E0,9.833936432E0
1.824457113E0,-7.960500121E-1,-3.754050255E0,9.057000160E0,9.836454689E0
1.826967573E0,-8.010000587E-1,-3.793050289E0,9.109050751E0,9.899678640E0
1.829478035E0,-8.149500489E-1,-3.793050289E0,9.085050583E0,9.878740718E0
1.831991035E0,-8.149500489E-1,-3.766050100E0,9.085050583E0,9.868405192E0
1.834498729E0,-7.789500356E-1,-3.778050184E0,9.061050415E0,9.847997816E0
1.837009188E0,-7.840500474E-1,-3.790050268E0,9.079950333E0,9.870395816E0
1.839519650E0,-7.840500474E-1,-3.766050100E0,9.085050583E0,9.865901476E0
1.842032881E0,-8.149500489E-1,-3.766050100E0,9.102000237E0,9.884011597E0
1.844540575E0,-8.029500246E-1,-3.793050289E0,9.070950508E0,9.864791045E0
1.847050958E0,-7.890000343E-1,-3.787950277E0,9.102000237E0,9.890272831E0
1.849561419E0,-8.200500607E-1,-3.739950180E0,9.082950592E0,9.856962053E0
1.852074650E0,-8.059500456E-1,-3.775950193E0,9.078000069E0,9.864960242E0
1.854582344E0,-8.130000234E-1,-3.778050184E0,9.082950592E0,9.870897816E0
1.857092804E0,-8.269500136E-1,-3.783000231E0,9.065999985E0,9.858361567E0
1.859603035E0,-8.130000234E-1,-3.742050171E0,9.069000244E0,9.844321914E0
1.862116236E0,-7.939500213E-1,-3.730050087E0,9.088050842E0,9.855774876E0
1.864623931E0,-8.029500246E-1,-3.760950089E0,9.088050842E0,9.868239074E0
1.867134390E0,-8.029500246E-1,-3.772950172E0,9.078000069E0,9.863567660E0
1.869644852E0,-8.179500103E-1,-3.772950172E0,9.090000153E0,9.875844166E0
1.872158083E0,-8.250000477E-1,-3.796950102E0,9.078000069E0,9.874590645E0
1.874665700E0,-8.130000234E-1,-3.721050262E0,9.073050499E0,9.840092959E0
1.877176159E0,-8.149500489E-1,-3.724950075E0,9.094950676E0,9.861922959E0
1.879686621E0,-8.179500103E-1,-3.781050205E0,9.090000153E0,9.878941525E0
1.882199842E0,-8.130000234E-1,-3.745050192E0,9.079950333E0,9.855550113E0
1.884707536E0,-8.130000234E-1,-3.784950256E0,9.091950417E0,9.881820675E0
1.887217996E0,-7.819500566E-1,-3.766050100E0,9.079950333E0,9.861038348E0
1.889728457E0,-8.080500364E-1,-3.778050184E0,9.106950760E0,9.892581069E0
1.892241678E0,-8.010000587E-1,-3.775950193E0,9.082950592E0,9.869113051E0
1.894749372E0,-7.770000100E-1,-3.759000063E0,9.085050583E0,9.862654540E0
1.897259601E0,-7.960500121E-1,-3.771000147E0,9.102000237E0,9.884358656E0
1.899770063E0,-8.010000587E-1,-3.760950089E0,9.078000069E0,9.858825078E0
1.902283274E0,-8.010000587E-1,-3.771000147E0,9.097050667E0,9.880201113E0
1.904790969E0,-8.110500574E-1,-3.795000076E0,9.078000069E0,9.872685198E0
1.907301428E0,-8.010000587E-1,-3.781050205E0,9.076050758E0,9.864716880E0
1.909811890E0,-8.149500489E-1,-3.783000231E0,9.102000237E0,9.890482427E0
1.912325063E0,-8.130000234E-1,-3.793050289E0,9.052050591E0,9.848239407E0
1.914832757E0,-7.890000343E-1,-3.759000063E0,9.064050674E0,9.844268239E0
1.917343217E0,-7.840500474E-1,-3.771000147E0,9.126000404E0,9.905506548E0
1.919853678E0,-8.299500346E-1,-3.807000160E0,9.100049973E0,9.899140204E0
1.922366919E0,-8.269500136E-1,-3.775950193E0,9.061050415E0,9.851105563E0
1.924874613E0,-7.909500599E-1,-3.787950277E0,9.076050758E0,9.866552927E0
1.927384842E0,-7.960500121E-1,-3.766050100E0,9.130949974E0,9.909141053E0
1.929895303E0,-8.010000587E-1,-3.802050114E0,9.082950592E0,9.879128384E0
1.932408534E0,-8.130000234E-1,-3.783000231E0,9.061050415E0,9.852649106E0
1.934916229E0,-7.990500331E-1,-3.795000076E0,9.103950500E0,9.895575842E0
1.937426688E0,-7.909500599E-1,-3.754050255E0,9.109050751E0,9.883992154E0
1.939937150E0,-7.990500331E-1,-3.775950193E0,9.112050056E0,9.895743380E0
1.942450385E0,-8.130000234E-1,-3.766050100E0,9.085050583E0,9.868244347E0
1.944958080E0,-8.200500607E-1,-3.757050276E0,9.090000153E0,9.869954997E0
1.947468462E0,-7.939500213E-1,-3.771000147E0,9.078000069E0,9.862093286E0
1.949978924E0,-7.960500121E-1,-3.787950277E0,9.079950333E0,9.870550186E0
1.952492183E0,-8.059500456E-1,-3.771000147E0,9.112050056E0,9.894415284E0
1.954999877E0,-7.960500121E-1,-3.787950277E0,9.091950417E0,9.881590221E0
1.957510337E0,-8.230500221E-1,-3.783000231E0,9.079950333E0,9.870866230E0
1.960020798E0,-7.789500356E-1,-3.748950243E0,9.088050842E0,9.861747269E0
1.962534005E0,-7.960500121E-1,-3.730050087E0,9.115950584E0,9.881676190E0
1.965041468E0,-8.149500489E-1,-3.790050268E0,9.097050667E0,9.888627582E0
1.967551928E0,-8.299500346E-1,-3.793050289E0,9.088050842E0,9.882748386E0
1.970062389E0,-8.029500246E-1,-3.727950096E0,9.094950676E0,9.862072219E0
1.972575620E0,-7.960500121E-1,-3.748950243E0,9.106950760E0,9.880530132E0
1.975083315E0,-7.770000100E-1,-3.783000231E0,9.064050674E0,9.852503966E0
1.977593774E0,-8.029500246E-1,-3.790050268E0,9.103950500E0,9.893994365E0
1.980104159E0,-7.990500331E-1,-3.748950243E0,9.102000237E0,9.876209657E0
1.982617414E0,-8.200500607E-1,-3.757050276E0,9.079950333E0,9.860700123E0
1.985125108E0,-8.010000587E-1,-3.763950109E0,9.082950592E0,9.864528016E0
1.987635567E0,-7.960500121E-1,-3.759000063E0,9.100049973E0,9.877990008E0
1.990146029E0,-8.200500607E-1,-3.759000063E0,9.078000069E0,9.859647500E0
1.992659048E0,-8.299500346E-1,-3.772950172E0,9.070950508E0,9.859316061E0
1.995166973E0,-7.909500599E-1,-3.769050121E0,9.061050415E0,9.845505342E0
1.997677202E0,-7.909500599E-1,-3.760950089E0,9.076050758E0,9.856218592E0
2.000187894E0,-8.179500103E-1,-3.751950264E0,9.076050758E0,9.854992155E0
2.002700914E0,-7.960500121E-1,-3.802050114E0,9.054000854E0,9.852117141E0
2.005208608E0,-8.059500456E-1,-3.808950186E0,9.073050499E0,9.873089808E0
2.007719068E0,-7.909500599E-1,-3.769050121E0,9.118950844E0,9.898818379E0
2.010229453E0,-8.080500364E-1,-3.751950264E0,9.088050842E0,9.865229027E0
2.012742745E0,-8.250000477E-1,-3.766050100E0,9.121050835E0,9.902389952E0
